{
  "errors": [],
  "statistics": [
    {
      "owner": "errorJson",
      "description": "Standard adapter errors available for use",
      "value": 29
    },
    {
      "owner": "packageJson",
      "description": "Number of production dependencies",
      "value": 5
    },
    {
      "owner": "packageJson",
      "description": "Number of development dependencies",
      "value": 9
    },
    {
      "owner": "packageJson",
      "description": "Number of npm scripts",
      "value": 11
    },
    {
      "owner": "packageJson",
      "description": "Runtime Library dependency",
      "value": "^4.34.6"
    },
    {
      "owner": "propertiesSchemaJson",
      "description": "Adapter properties defined in the propertiesSchema file",
      "value": 56
    },
    {
      "owner": "adapterJS",
      "description": "Lines of code generated in adapter.js",
      "value": 389
    },
    {
      "owner": "adapterJS",
      "description": "Number of Functions added to adapter.js",
      "value": 1
    },
    {
      "owner": "pronghornJson",
      "description": "Number of Methods added to pronghorn.json",
      "value": 1
    },
    {
      "owner": "readmeMd",
      "description": "Number of lines in the README.md",
      "value": 530
    },
    {
      "owner": "unitTestJS",
      "description": "Number of lines of code in unit tests",
      "value": 830
    },
    {
      "owner": "unitTestJS",
      "description": "Number of unit tests",
      "value": 34
    },
    {
      "owner": "integrationTestJS",
      "description": "Number of lines of code in integration tests",
      "value": 449
    },
    {
      "owner": "integrationTestJS",
      "description": "Number of integration tests",
      "value": 6
    },
    {
      "owner": "actionJson",
      "description": "Number of actions for Misc entity",
      "value": 1
    },
    {
      "owner": "actionJson",
      "description": "Total number of actions",
      "value": 1
    },
    {
      "owner": "actionJson",
      "description": "Total number of entities",
      "value": 1
    },
    {
      "owner": "schemaJson",
      "description": "Number of schemas for Misc entity",
      "value": 1
    },
    {
      "owner": "schemaJson",
      "description": "Total number of schemas",
      "value": 1
    },
    {
      "owner": "mockdata",
      "description": "Number of mock data files for Misc entity",
      "value": 1
    },
    {
      "owner": "mockdata",
      "description": "Total number of mock data files",
      "value": 1
    },
    {
      "owner": "actionJson",
      "description": "Number of actions for .system entity",
      "value": 2
    },
    {
      "owner": "schemaJson",
      "description": "Number of schemas for .system entity",
      "value": 3
    },
    {
      "owner": "mockdata",
      "description": "Number of mock data files for .system entity",
      "value": 2
    },
    {
      "owner": "System",
      "description": "System entity files",
      "value": 6
    },
    {
      "owner": "usecases",
      "description": "Number of workflows",
      "value": 1
    },
    {
      "owner": "staticFile",
      "description": "Number of lines of code in adapterBase.js",
      "value": 751
    },
    {
      "owner": "staticFile",
      "description": "Number of static files added",
      "value": 20
    },
    {
      "owner": "Overall",
      "description": "Total lines of Code",
      "value": 2419
    },
    {
      "owner": "Overall",
      "description": "Total Tests",
      "value": 40
    },
    {
      "owner": "Overall",
      "description": "Total Files",
      "value": 38
    }
  ],
  "apiParsingReport": {
    "no_mockdata": [],
    "errors": [],
    "warnings": [],
    "callsTotal": 1,
    "callsConverted": 1,
    "no_mockdata_num": 0
  }
}