{
    "name": "workflow-Shut",
    "font_size": 12,
    "created": "2019-08-01T18:58:39.679Z",
    "created_by": {
        "provenance": "Local AAA",
        "username": "admin@pronghorn",
        "firstname": "admin",
        "inactive": false,
        "email": ""
    },
    "groups": [],
    "last_updated": "2019-08-01T18:58:39.678Z",
    "last_updated_by": {
        "provenance": "Local AAA",
        "username": "admin@pronghorn",
        "firstname": "admin",
        "inactive": false,
        "email": ""
    },
    "type": "automation",
    "description": null,
    "tasks": {
        "8274": {
            "name": "https192168122254CgiBinJsonApiPyDeviceDeviceUsernameUsernamePasswordPasswordRadioShut",
            "summary": "https:\\/\\/192.168.122.254\\/cgi-bin\\/json_api.py?device={device}&username={username}&password={password}&radio={shut}",
            "description": "https:\\/\\/192.168.122.254\\/cgi-bin\\/json_api.py?device={device}&username={username}&password={password}&radio={shut}",
            "location": "Adapter",
            "locationType": "Json_api",
            "app": "Json_api",
            "displayName": "Json_api",
            "type": "automatic",
            "variables": {
                "incoming": {
                    "adapter_id": "Adapter-json_api",
                    "device": "$var.job.device",
                    "username": "$var.job.username",
                    "password": "$var.job.password",
                    "radio": "$var.job.radio"
                },
                "outgoing": {
                    "result": null
                }
            },
            "deprecated": false,
            "matched": [],
            "groups": [],
            "actor": "Pronghorn",
            "x": 0.5,
            "y": 0.5
        },
        "workflow_start": {
            "name": "workflow_start",
            "groups": [],
            "x": 0,
            "y": 0.5
        },
        "workflow_end": {
            "name": "workflow_end",
            "groups": [],
            "x": 1,
            "y": 0.5
        }
    },
    "transitions": {
        "8274": {
            "workflow_end": {
                "type": "standard",
                "state": "success"
            }
        },
        "workflow_end": {},
        "workflow_start": {
            "8274": {
                "type": "standard",
                "state": "success"
            }
        }
    }
}