{
  "actions": [
    {
      "name": "https192168122254CgiBinJsonApiPyDeviceDeviceUsernameUsernamePasswordPasswordRadioShut",
      "protocol": "REST",
      "method": "GET",
      "entitypath": "{base_path}/{version}/json_api.py?{query}",
      "requestSchema": "schema.json",
      "responseSchema": "schema.json",
      "timeout": 0,
      "sendEmpty": false,
      "sendGetBody": false,
      "requestDatatype": "JSON",
      "responseDatatype": "JSON",
      "headers": {},
      "responseObjects": [
        {
          "type": "default",
          "key": "",
          "mockFile": "mockdatafiles/https192168122254CgiBinJsonApiPyDeviceDeviceUsernameUsernamePasswordPasswordRadioShut-default.json"
        }
      ]
    }
  ]
}